<?xml version='1.0' encoding='UTF-8'?>  
<!DOCTYPE hibernate-mapping PUBLIC  
 "-//Hibernate/Hibernate Mapping DTD 5.3//EN"  
 "http://hibernate.sourceforge.net/hibernate-mapping-5.3.dtd">  
  
 <hibernate-mapping>  
  <class name="com.fsd.vo.Subject" table="subject"  lazy ="false">  
    <id name="subjectId" type = "long" column = "subjectid">  
     <generator class="assigned"></generator>  
    </id>  
    <property name="subTitile" column = "subTitle" type = "string"></property>  
    <property name="durationInHours" column = "durationInHours" type = "int"></property>  
  </class> 
  
   <class name="com.fsd.vo.Book" table="book"  lazy ="false">  
    <id name="bookId" type = "long" column = "bookid">  
     <generator class="assigned"></generator>  
    </id>  
    <property name="title" column = "title" type = "string"></property>  
    <property name="price" column = "price" type = "double"></property> 
     <property name="volume" column = "volume" type = "int"></property> 
  <property name="publishdDate" column="publishDate"  type = "date"></property>
  <!--  <convert converter="com.fsd.dao.MyDateConverter" attribute-name="publishDate"/>  -->
      <property name="subjectId" column="subjectid"  type = "long"></property>
  </class>  
            
 </hibernate-mapping>