<?xml version="1.0" encoding="UTF-8"?>
<beans xmlns="http://www.springframework.org/schema/beans"
	xmlns:xsi="http://www.w3.org/2001/XMLSchema-instance" 
	xmlns:context="http://www.springframework.org/schema/context"
	xmlns:mvc="http://www.springframework.org/schema/mvc"
	xmlns:tx="http://www.springframework.org/schema/tx"
	xsi:schemaLocation="http://www.springframework.org/schema/beans
	http://www.springframework.org/schema/beans/spring-beans.xsd
	http://www.springframework.org/schema/context
	http://www.springframework.org/schema/context/spring-context.xsd
	http://www.springframework.org/schema/mvc
	http://www.springframework.org/schema/mvc/spring-mvc.xsd
	http://www.springframework.org/schema/tx 
	http://www.springframework.org/schema/tx/spring-tx.xsd">

	<!-- DispatcherServlet Context: defines this servlet's request-processing 
		infrastructure -->

	<!-- Enables the Spring MVC @Controller programming model -->
	 <mvc:annotation-driven />
	 <context:annotation-config />
	 <context:spring-configured /> 
	 <mvc:resources mapping="/resources/**" location="/WEB-INF/resources/" />
	<!-- <context:annotation-config /> -->
	<context:component-scan base-package="com.fsd" />

	<!-- Resolves views selected for rendering by @Controllers to .jsp resources 
		in the /WEB-INF/views directory -->
	<bean
		class="org.springframework.web.servlet.view.InternalResourceViewResolver">
		<property name="prefix" value="/WEB-INF/views/" />
		<property name="suffix" value=".jsp" />
	</bean>
	
	
	
	 <bean id="dataSource"
    class="org.springframework.jdbc.datasource.DriverManagerDataSource">
    <property name="driverClassName">
      <value>com.mysql.jdbc.Driver</value>
    </property>
    <property name="url">
      <value>jdbc:mysql://localhost:3306/fsd</value>
    </property>
    <property name="username">
      <value>root</value>
    </property>
    <property name="password">
      <value>gajanan</value>
    </property>
  </bean> 
  
  <bean id="entityManagerFactory"
    class="org.springframework.orm.jpa.LocalContainerEntityManagerFactoryBean">
    <property name="dataSource" ref="dataSource" />
    <!-- <property name="persistenceUnitName" value="jpaData" /> -->
     <property name="packagesToScan" value="com.fsd" />
    <property name="jpaVendorAdapter">
      <bean class="org.springframework.orm.jpa.vendor.HibernateJpaVendorAdapter" />
    </property>
    <property name="jpaProperties">
      <props>
        <prop key="hibernate.dialect">org.hibernate.dialect.MySQLDialect</prop>
        <prop key="hibernate.show_sql">true</prop>
        <prop key="hibernate.format_sql">true</prop>
        <prop key="hibernate.hbm2ddl.auto">update</prop>
      </props>
    </property>
  </bean>
  
   <bean id="transactionManager" class="org.springframework.orm.jpa.JpaTransactionManager">
    <property name="entityManagerFactory" ref="entityManagerFactory" />
  </bean>
  <tx:annotation-driven />
  
  
 
	
	<!-- Configure bean to convert JSON to POJO and vice versa -->
	<bean id="jsonMessageConverter" class="org.springframework.http.converter.json.MappingJackson2HttpMessageConverter">
	</bean>
  
   <!-- Configure to plugin JSON as request and response in method handler -->
	<bean class="org.springframework.web.servlet.mvc.method.annotation.RequestMappingHandlerAdapter">
		<property name="messageConverters">
			<list>
				<ref bean="jsonMessageConverter"/>
			</list>
		</property>
	</bean>
  
  
	
	
	<!-- <bean id="dataSource" class="org.apache.commons.dbcp.BasicDataSource"
		destroy-method="close">
		<property name="driverClassName" value="com.mysql.jdbc.Driver" />
		<property name="url"
			value="jdbc:mysql://localhost:3306/fsd" />
		<property name="username" value="root" />
		<property name="password" value="gajanan" />
		 
	</bean>
	
	
	Hibernate 4 SessionFactory Bean definition
	<bean id="hibernate4AnnotatedSessionFactory"
		class="org.springframework.orm.hibernate4.LocalSessionFactoryBean"> 
		<bean id="hibernate4AnnotatedSessionFactory"
		class="org.springframework.orm.hibernate4.LocalSessionFactoryBean">
		<property name="dataSource" ref="dataSource" />
		<property name="annotatedClasses" >
			<list>
				<value>com.fsd.entity.Book</value>
				<value>com.fsd.entity.Subject</value>
			</list>
		</property>
		<property name="hibernateProperties">
			<props>
				<prop key="hibernate.dialect">org.hibernate.dialect.MySQLDialect
				</prop>
				<prop key="hibernate.current_session_context_class">thread</prop>
				<prop key="hibernate.show_sql">true</prop>
			</props>
		</property>
	</bean>
	
	<bean id="databaseDAO" class="com.fsd.dao.DatabaseDAO">
		<property name="sessionFactory" ref="hibernate4AnnotatedSessionFactory" />
	</bean>
	<bean id="bookController" class="com.fsd.controller.BookController">
		<property name="databaseDAO" ref="databaseDAO"></property>
	</bean>
	<bean id="subjectController" class="com.fsd.controller.SubjectController">
		<property name="databaseDAO" ref="databaseDAO"></property>
	</bean>
	<context:component-scan base-package="com.journaldev.spring" /> -->
	
	<!-- <tx:annotation-driven transaction-manager="transactionManager"/>
	
	<bean id="transactionManager" class="org.springframework.orm.hibernate4.HibernateTransactionManager">
		<property name="sessionFactory" ref="hibernate4AnnotatedSessionFactory" />
	</bean> -->

</beans>